,location,dist_from_city,coordinates,latitude,longitude
0,Whitefield,17.3,"12.9698196, 77.7499721",12.9698196,77.7499721
1,Sarjapur  Road,17.2,"12.910911, 77.6844166",12.910911,77.6844166
2,Electronic City,18.1,"12.8452145, 77.6601695",12.8452145,77.6601695
3,Kanakpura Road,26.5,"12.8630149, 77.5312772",12.8630149,77.5312772
4,Thanisandra,11.5,"13.0559193, 77.6324513",13.0559193,77.6324513
5,Yelahanka,20.8,"13.1154662, 77.6069977",13.1154662,77.6069977
6,Uttarahalli,12.9,"12.9069823, 77.552059",12.9069823,77.552059
7,Hebbal,11.1,"13.0353557, 77.59878739999999",13.0353557,77.59878739999999
8,Marathahalli,10.9,"12.956924, 77.701127",12.956924,77.701127
9,Raja Rajeshwari Nagar,15.3,"12.9148603, 77.5206395",12.9148603,77.5206395
10,Hennur Road,14.4,"13.0381291, 77.6480793",13.0381291,77.6480793
11,Bannerghatta Road,18.8,"12.8741876, 77.5946855",12.8741876,77.5946855
12,7th Phase JP Nagar,11.0,"12.8978624, 77.58450839999999",12.8978624,77.58450839999999
13,Haralur Road,14.9,"12.9041501, 77.6622042",12.9041501,77.6622042
14,Electronic City Phase II,19.3,"12.8441489, 77.6793813",12.8441489,77.6793813
15,Rajaji Nagar,9.6,"12.9981732, 77.55304459999999",12.9981732,77.55304459999999
16,Chandapura,24.0,"12.8017099, 77.7116112",12.8017099,77.7116112
17,Bellandur,12.9,"12.9304278, 77.678404",12.9304278,77.678404
18,KR Puram,11.9,"13.0169992, 77.7044335",13.0169992,77.7044335
19,Hoodi,13.3,"12.9895552, 77.71265710000002",12.9895552,77.71265710000002
20,Electronics City Phase 1,20.3,"12.8443486, 77.655912",12.8443486,77.655912
21,Yeshwanthpur,13.4,"13.0250302, 77.53402419999999",13.0250302,77.53402419999999
22,Begur Road,10.8,"12.8889855, 77.6256714",12.8889855,77.6256714
23,Sarjapur,17.2,"12.8575579, 77.7864057",12.8575579,77.7864057
24,Kasavanhalli,15.0,"12.9093873, 77.6774428",12.9093873,77.6774428
25,Harlur,16.1,"12.8991793, 77.6669909",12.8991793,77.6669909
26,Banashankari,11.2,"12.9254533, 77.546757",12.9254533,77.546757
27,Hormavu,11.9,"13.0326328, 77.6583345",13.0326328,77.6583345
28,Ramamurthy Nagar,11.7,"13.0084887, 77.6737028",13.0084887,77.6737028
29,Kengeri,22.5,"12.8996676, 77.4826837",12.8996676,77.4826837
30,Koramangala,8.3,"12.9352403, 77.624532",12.9352403,77.624532
31,JP Nagar,9.9,"12.9063433, 77.5856825",12.9063433,77.5856825
32,Hosa Road,15.7,"12.8705558, 77.6557601",12.8705558,77.6557601
33,Jakkur,12.9,"13.0631411, 77.62067689999999",13.0631411,77.62067689999999
34,Old Madras Road,4.7,"13.0213534, 77.7115687",13.0213534,77.7115687
35,Varthur,17.4,"12.9388787, 77.7412047",12.9388787,77.7412047
36,Kothanur,11.8,"13.0551932, 77.6422206",13.0551932,77.6422206
37,Kaggadasapura,8.9,"12.9836351, 77.6797411",12.9836351,77.6797411
38,Nagarbhavi,17.0,"12.9719321, 77.512749",12.9719321,77.512749
39,Akshaya Nagar,13.8,"13.017294, 77.6815285",13.017294,77.6815285
40,Thigalarapalya,15.0,"12.9918835, 77.7266088",12.9918835,77.7266088
41,TC Palaya,12.2,"13.0190631, 77.7037131",13.0190631,77.7037131
42,Malleshwaram,8.3,"13.0055113, 77.5692358",13.0055113,77.5692358
43,8th Phase JP Nagar,14.5,"12.8741077, 77.57917290000002",12.8741077,77.57917290000002
44,Rachenahalli,13.0,"13.0615195, 77.6163803",13.0615195,77.6163803
45,Hennur,10.0,"13.0359337, 77.64314759999999",13.0359337,77.64314759999999
46,Jigani,27.7,"12.7791043, 77.64359790000002",12.7791043,77.64359790000002
47,Budigere,30.9,"13.1342839, 77.74663869999999",13.1342839,77.74663869999999
48,HSR Layout,10.5,"12.9121181, 77.6445548",12.9121181,77.6445548
49,Jalahalli,16.6,"13.0454314, 77.5478699",13.0454314,77.5478699
50,Hulimavu,15.0,"12.8718155, 77.6021817",12.8718155,77.6021817
51,Bisuvanahalli,38.4,"13.2292777, 77.5461785",13.2292777,77.5461785
52,Panathur,14.2,"12.9355734, 77.7057495",12.9355734,77.7057495
53,Mysore Road,28.6,"12.910397, 77.484109",12.910397,77.484109
54,Ramagondanahalli,15.4,"12.9558171, 77.7409162",12.9558171,77.7409162
55,Hegde Nagar,13.7,"13.0675728, 77.63355729999999",13.0675728,77.63355729999999
56,Bhoganhalli,15.3,"12.9257252, 77.7002566",12.9257252,77.7002566
57,Gottigere,15.2,"12.856443, 77.58884479999999",12.856443,77.58884479999999
58,Brookefield,15.1,"12.9655152, 77.7184444",12.9655152,77.7184444
59,Hosur Road,19.0,"12.8742148, 77.6498994",12.8742148,77.6498994
60,Kundalahalli,17.4,"12.9689968, 77.72088529999999",12.9689968,77.72088529999999
61,Balagere,16.1,"12.9395989, 77.728955",12.9395989,77.728955
62,Devanahalli,38.7,"13.2437197, 77.7172413",13.2437197,77.7172413
63,Indira Nagar,3.7,"12.9783692, 77.6408356",12.9783692,77.6408356
64,Subramanyapura,16.0,"12.8988533, 77.5439045",12.8988533,77.5439045
65,9th Phase JP Nagar,15.8,"12.8682661, 77.56337479999999",12.8682661,77.56337479999999
66,Vidyaranyapura,18.0,"13.0810718, 77.55616669999999",13.0810718,77.55616669999999
67,Vittasandra,17.5,"12.8553518, 77.6365199",12.8553518,77.6365199
68,CV Raman Nagar,7.2,"12.9855332, 77.663772",12.9855332,77.663772
69,Horamavu Agara,12.2,"13.0411068, 77.6622027",13.0411068,77.6622027
70,Kadugodi,18.7,"12.9908404, 77.7607805",12.9908404,77.7607805
71,Attibele,31.8,"12.778963, 77.7702029",12.778963,77.7702029
72,Kanakapura,47.7,"12.9427853, 77.57792649999999",12.9427853,77.57792649999999
73,Vijayanagar,11.1,"12.975596, 77.53538809999999",12.975596,77.53538809999999
74,Yelahanka New Town,21.5,"13.1042445, 77.5713193",13.1042445,77.5713193
75,Kengeri Satellite Town,16.9,"12.9230523, 77.4846519",12.9230523,77.4846519
76,Talaghattapura,17.1,"12.8690867, 77.53415799999999",12.8690867,77.53415799999999
77,5th Phase JP Nagar,10.9,"12.9001371, 77.58835189999999",12.9001371,77.58835189999999
78,Green Glen Layout,16.9,"12.9269824, 77.6693608",12.9269824,77.6693608
79,Sahakara Nagar,13.3,"13.0623425, 77.5871032",13.0623425,77.5871032
80,Kudlu Gate,11.8,"12.890984, 77.6400098",12.890984,77.6400098
81,Channasandra,19.6,"12.979699, 77.761624",12.979699,77.761624
82,Bommasandra,21.7,"12.8167303, 77.6974369",12.8167303,77.6974369
83,Lakshminarayana Pura,13.3,"12.9578047, 77.7130364",12.9578047,77.7130364
84,Anekal,34.2,"12.7091148, 77.69851539999999",12.7091148,77.69851539999999
85,Hosakerehalli,13.4,"12.9221653, 77.5362561",12.9221653,77.5362561
86,Frazer Town,4.0,"12.9970483, 77.61440759999999",12.9970483,77.61440759999999
87,R.T. Nagar,9.7,"13.0247291, 77.5947532",13.0247291,77.5947532
88,Bommanahalli,9.6,"12.9029804, 77.6241936",12.9029804,77.6241936
89,Hebbal Kempapura,13.4,"13.0529125, 77.60148590000001",13.0529125,77.60148590000001
90,Kalena Agrahara,13.5,"12.8710738, 77.5934927",12.8710738,77.5934927
91,Old Airport Road,9.9,"12.9547331, 77.6837614",12.9547331,77.6837614
92,Tumkur Road,20.9,"13.057954, 77.4698092",13.057954,77.4698092
93,Basavangudi,7.1,"12.9405997, 77.5737633",12.9405997,77.5737633
94,Ambedkar Nagar,18.9,"13.0196325, 77.55406049999999",13.0196325,77.55406049999999
95,Mahadevpura,10.3,"12.9880043, 77.6893675",12.9880043,77.6893675
96,Ananth Nagar,21.6,"12.8389444, 77.6898209",12.8389444,77.6898209
97,Kumaraswami Layout,12.2,"12.9044382, 77.56492779999999",12.9044382,77.56492779999999
98,Doddathoguru,19.6,"12.8479159, 77.6528024",12.8479159,77.6528024
99,Chikkalasandra,12.1,"12.9120815, 77.5462476",12.9120815,77.5462476
100,Kammasandra,21.2,"12.834002, 77.688267",12.834002,77.688267
101,Dodda Nekkundi,11.9,"12.9720888, 77.694364",12.9720888,77.694364
102,Kudlu,13.4,"12.8870683, 77.6562206",12.8870683,77.6562206
103,BTM 2nd Stage,10.0,"12.9083215, 77.6050777",12.9083215,77.6050777
104,Horamavu Banaswadi,9.9,"13.0103761, 77.6481944",13.0103761,77.6481944
105,Padmanabhanagar,11.3,"12.9155691, 77.5567733",12.9155691,77.5567733
106,Somasundara Palya,12.0,"12.8985899, 77.6514648",12.8985899,77.6514648
107,Banashankari Stage III,11.2,"12.9345271, 77.54352150000001",12.9345271,77.54352150000001
108,Singasandra,12.8,"12.8811382, 77.64938389999999",12.8811382,77.64938389999999
109,Kodichikkanahalli,11.3,"12.8953449, 77.61503689999999",12.8953449,77.61503689999999
110,Ambalipura,13.7,"12.9150108, 77.6700766",12.9150108,77.6700766
111,Anandapura,12.4,"13.0249798, 77.6944104",13.0249798,77.6944104
112,Gubbalala,15.4,"12.8870638, 77.5433122",12.8870638,77.5433122
113,Bommasandra Industrial Area,21.6,"12.8159214, 77.6793813",12.8159214,77.6793813
114,Margondanahalli,13.7,"13.0373995, 77.69272099999999",13.0373995,77.69272099999999
115,Kothannur,11.8,"12.8742275, 77.5773449",12.8742275,77.5773449
116,Choodasandra,16.8,"12.88563, 77.6805328",12.88563,77.6805328
117,Magadi Road,21.7,"12.9854559, 77.4801174",12.9854559,77.4801174
118,Kogilu,19.6,"13.101268, 77.6125565",13.101268,77.6125565
119,Babusapalaya,9.8,"13.0228229, 77.6520917",13.0228229,77.6520917
120,1st Phase JP Nagar,9.7,"12.9118374, 77.579495",12.9118374,77.579495
121,Seegehalli,13.9,"13.0169197, 77.7180235",13.0169197,77.7180235
122,Iblur Village,13.8,"12.9230803, 77.6630559",12.9230803,77.6630559
123,Abbigere,18.4,"13.0762712, 77.5255683",13.0762712,77.5255683
124,Kambipura,23.2,"12.8802797, 77.45940920000001",12.8802797,77.45940920000001
125,Ardendale,23.1,"13.027451, 77.7609435",13.027451,77.7609435
126,2nd Stage Nagarbhavi,15.2,"12.9791169, 77.50981929999999",12.9791169,77.50981929999999
127,Munnekollal,12.4,"12.9530189, 77.7088108",12.9530189,77.7088108
128,Battarahalli,12.9,"13.0244644, 77.7072675",13.0244644,77.7072675
129,Amruthahalli,14.4,"13.0658792, 77.6042056",13.0658792,77.6042056
130,6th Phase JP Nagar,11.7,"12.9192197, 77.5953691",12.9192197,77.5953691
131,Lingadheeranahalli,21.4,"12.8743581, 77.513787",12.8743581,77.513787
132,EPIP Zone,14.6,"12.9743773, 77.7151616",12.9743773,77.7151616
133,Gunjur,18.5,"12.921337, 77.73400459999999",12.921337,77.73400459999999
134,Sonnenahalli,16.8,"13.0150482, 77.7380549",13.0150482,77.7380549
135,Kathriguppe,9.6,"12.9293653, 77.5569265",12.9293653,77.5569265
136,Kaval Byrasandra,8.9,"13.0236542, 77.60804569999999",13.0236542,77.60804569999999
137,Domlur,5.4,"12.9609857, 77.6387316",12.9609857,77.6387316
138,Rayasandra,16.4,"12.8622826, 77.6751531",12.8622826,77.6751531
139,Thubarahalli,13.5,"12.9520393, 77.72088529999999",12.9520393,77.72088529999999
140,Hoskote,24.7,"13.0692593, 77.7982428",13.0692593,77.7982428
141,Basaveshwara Nagar,10.9,"12.9879576, 77.5374662",12.9879576,77.5374662
142,Ulsoor,3.1,"12.9817001, 77.62841519999999",12.9817001,77.62841519999999
143,Binny Pete,8.6,"12.967566, 77.5583595",12.967566,77.5583595
144,Yelachenahalli,11.5,"12.9004352, 77.5712222",12.9004352,77.5712222
145,Poorna Pragna Layout,10.3,"12.9329208, 77.5501196",12.9329208,77.5501196
146,Sanjay nagar,10.6,"13.0369229, 77.57851339999999",13.0369229,77.57851339999999
147,HBR Layout,8.8,"13.0353236, 77.6284701",13.0353236,77.6284701
148,OMBR Layout,7.7,"13.0075666, 77.65046640000001",13.0075666,77.65046640000001
149,Pai Layout,7.1,"12.9943266, 77.66681799999999",12.9943266,77.66681799999999
150,HRBR Layout,8.5,"13.0191445, 77.6464534",13.0191445,77.6464534
151,Kalyan nagar,8.7,"13.0239923, 77.643294",13.0239923,77.643294
152,Kaggalipura,32.9,"12.8019332, 77.50957840000001",12.8019332,77.50957840000001
153,Billekahalli,10.6,"12.8984604, 77.6057848",12.8984604,77.6057848
154,Garudachar Palya,11.9,"12.9878279, 77.70085089999999",12.9878279,77.70085089999999
155,Kannamangala,23.1,"13.027138, 77.760812",13.027138,77.760812
156,Bannerghatta,20.4,"12.8129424, 77.58053",12.8129424,77.58053
157,Kammanahalli,7.6,"13.0159044, 77.63786189999999",13.0159044,77.63786189999999
158,Sarjapura - Attibele Road,36.0,"12.8585906, 77.7832134",12.8585906,77.7832134
159,Dasarahalli,29.4,"13.0458075, 77.5110614",13.0458075,77.5110614
160,Kaikondrahalli,15.3,"12.9138124, 77.68498679999999",12.9138124,77.68498679999999
161,BTM Layout,7.7,"12.9165757, 77.6101163",12.9165757,77.6101163
162,Chikka Tirupathi,34.6,"12.8967455, 77.86674160000001",12.8967455,77.86674160000001
163,Nagavara,13.2,"13.0421565, 77.6135776",13.0421565,77.6135776
164,Arekere,11.6,"12.8873875, 77.59688659999999",12.8873875,77.59688659999999
165,Malleshpalya,9.4,"12.9756762, 77.6778473",12.9756762,77.6778473
166,Begur,12.9,"12.8787673, 77.6376676",12.8787673,77.6376676
167,Judicial Layout,16.3,"13.0777715, 77.58701549999999",13.0777715,77.58701549999999
168,Banashankari Stage II,9.5,"12.9248711, 77.5662406",12.9248711,77.5662406
169,Banaswadi,7.8,"13.0103761, 77.6481944",13.0103761,77.6481944
170,Banashankari Stage VI,14.9,"12.9248711, 77.5662406",12.9248711,77.5662406
171,Dasanapura,29.2,"13.0700786, 77.4291142",13.0700786,77.4291142
172,Parappana Agrahara,14.6,"12.8734883, 77.6580911",12.8734883,77.6580911
173,Kasturi Nagar,8.6,"13.0060924, 77.65944979999999",13.0060924,77.65944979999999
174,Mallasandra,18.4,"13.0606824, 77.5117782",13.0606824,77.5117782
175,Kereguddadahalli,19.4,"13.080612, 77.5146453",13.080612,77.5146453
176,Kenchenahalli,21.8,"13.1190497, 77.5852247",13.1190497,77.5852247
177,Anjanapura,18.2,"12.854938, 77.5542866",12.854938,77.5542866
178,Sector 2 HSR Layout,6.6,"12.908942, 77.6464534",12.908942,77.6464534
179,Cooke Town,5.4,"13.0031678, 77.6228252",13.0031678,77.6228252
180,Varthur Road,12.2,"12.955903, 77.7136323",12.955903,77.7136323
181,Kodihalli,6.1,"12.9653506, 77.64930989999999",12.9653506,77.64930989999999
182,Chamrajpet,6.7,"12.9569869, 77.5621397",12.9569869,77.5621397
183,Benson Town,5.6,"13.004681, 77.59994429999999",13.004681,77.59994429999999
184,Nagavarapalya,7.0,"12.9890119, 77.6664976",12.9890119,77.6664976
185,Murugeshpalya,6.8,"12.9562593, 77.6534629",12.9562593,77.6534629
186,Sultan Palaya,8.4,"13.0262853, 77.6029308",13.0262853,77.6029308
187,Sarakki Nagar,9.8,"12.9133853, 77.57698669999999",12.9133853,77.57698669999999
188,NGR Layout,8.6,"12.9106725, 77.62354130000001",12.9106725,77.62354130000001
189, Devarachikkanahalli,12.0,"12.8919741, 77.6179588",12.8919741,77.6179588
190,NRI Layout,12.8,"13.0298083, 77.6793064",13.0298083,77.6793064
191,Giri Nagar,10.2,"12.9420948, 77.5463577",12.9420948,77.5463577
192,Jalahalli East,15.8,"13.0699231, 77.54485989999999",13.0699231,77.54485989999999
193,Doddakallasandra,14.3,"12.8806617, 77.55758039999999",12.8806617,77.55758039999999
194,1st Block Jayanagar,6.0,"12.9262728, 77.5765141",12.9262728,77.5765141
195,Dommasandra,23.5,"12.8796531, 77.7536195",12.8796531,77.7536195
196,Prithvi Layout,17.3,"12.9769933, 77.7430316",12.9769933,77.7430316
197,ISRO Layout,13.2,"12.8984834, 77.55906449999999",12.8984834,77.55906449999999
198,Mahalakshmi Layout,11.4,"13.0145937, 77.55140469999999",13.0145937,77.55140469999999
199,Konanakunte,13.8,"12.8822193, 77.5659682",12.8822193,77.5659682
200,Sector 7 HSR Layout,9.8,"12.9081016, 77.6350959",12.9081016,77.6350959
201,Vishveshwarya Layout,15.4,"12.9639778, 77.49728739999999",12.9639778,77.49728739999999
202,Gollarapalya Hosahalli,22.7,"12.9962338, 77.4795184",12.9962338,77.4795184
203,Neeladri Nagar,20.4,"12.8390936, 77.6471693",12.8390936,77.6471693
204,Shampura,9.5,"13.0295386, 77.6127996",13.0295386,77.6127996
205,Kadubeesanahalli,13.0,"12.9394137, 77.6952031",12.9394137,77.6952031
206,BEML Layout,13.5,"12.959641, 77.717308",12.959641,77.717308
207,Chikkabanavar,19.7,"13.0754061, 77.50947719999999",13.0754061,77.50947719999999
208,Yelenahalli,15.2,"12.8594383, 77.614948",12.8594383,77.614948
209,Kodigehaali,15.8,"13.0697279, 77.5787819",13.0697279,77.5787819
210,Bommenahalli,9.6,"12.9029804, 77.6241936",12.9029804,77.6241936
211,Shivaji Nagar,3.3,"12.9856503, 77.60569269999999",12.9856503,77.60569269999999
212,Rajiv Nagar,16.0,"12.8853082, 77.6730687",12.8853082,77.6730687
213,Cunningham Road,4.3,"12.9875597, 77.5946385",12.9875597,77.5946385
214,GM Palaya,7.9,"12.9750721, 77.665865",12.9750721,77.665865
215,Vishwapriya Layout,12.0,"12.8820179, 77.62476079999999",12.8820179,77.62476079999999
216,Badavala Nagar,9.6,"12.9628669, 77.57750899999999",12.9628669,77.57750899999999
217,Karuna Nagar,20.1,"12.8434636, 77.650033",12.8434636,77.650033
218,AECS Layout,13.8,"12.9629354, 77.7122996",12.9629354,77.7122996
219,Bharathi Nagar,14.3,"13.0149699, 77.72160079999999",13.0149699,77.72160079999999
220,Sompura,26.5,"12.8713766, 77.7666865",12.8713766,77.7666865
221,Mico Layout,11.5,"12.8893866, 77.63079119999999",12.8893866,77.63079119999999
222,Doddaballapur,46.3,"13.2957137, 77.53639079999999",13.2957137,77.53639079999999
223,Cox Town,4.8,"12.9965726, 77.6303226",12.9965726,77.6303226
224,ITPL,15.4,"12.9858421, 77.7355549",12.9858421,77.7355549
225,5th Block Hbr Layout,9.1,"13.0366795, 77.6294411",13.0366795,77.6294411
226,Laggere,15.7,"13.0097647, 77.5253962",13.0097647,77.5253962
227,Vasanthapura,14.0,"12.8942296, 77.55186669999999",12.8942296,77.55186669999999
228,Nagasandra,17.6,"13.039457, 77.5000183",13.039457,77.5000183
229,Banashankari Stage V,13.6,"12.9248711, 77.5662406",12.9248711,77.5662406
230,HAL 2nd Stage,5.6,"12.9673053, 77.6433089",12.9673053,77.6433089
231,Nehru Nagar,17.3,"12.9867602, 77.575554",12.9867602,77.575554
232,Tindlu,16.2,"13.0714902, 77.56890969999999",13.0714902,77.56890969999999
233,LB Shastri Nagar,8.5,"12.9670714, 77.6704859",12.9670714,77.6704859
234,Thyagaraja Nagar,8.4,"12.9312228, 77.5671468",12.9312228,77.5671468
235,Pattandur Agrahara,16.0,"12.9826969, 77.7403401",12.9826969,77.7403401
236,Kodigehalli,15.8,"13.0697279, 77.5787819",13.0697279,77.5787819
237,Banjara Layout,11.1,"13.0335618, 77.6672294",13.0335618,77.6672294
238,Narayanapura,13.2,"13.0629024, 77.6450215",13.0629024,77.6450215
239,2nd Phase Judicial Layout,17.7,"13.1050782, 77.5669571",13.1050782,77.5669571
240,Marsur,27.5,"12.7662063, 77.70228200000001",12.7662063,77.70228200000001
241,Kalkere,11.5,"13.0334934, 77.67388799999999",13.0334934,77.67388799999999
242,Gunjur Palya,16.6,"12.9218247, 77.7185861",12.9218247,77.7185861
243,Naganathapura,15.0,"12.8708958, 77.6629186",12.8708958,77.6629186
244,Nagadevanahalli,16.1,"12.9421673, 77.49061569999999",12.9421673,77.49061569999999
245,1st Block Koramangala,9.8,"12.9265132, 77.63615519999999",12.9265132,77.63615519999999
246,Nagappa Reddy Layout,9.5,"12.9809839, 77.6833177",12.9809839,77.6833177
247,Dodsworth Layout,18.7,"12.9729122, 77.7437775",12.9729122,77.7437775
248,BTM 1st Stage,7.4,"12.9199409, 77.61065119999999",12.9199409,77.61065119999999
249,Ganga Nagar,8.6,"13.0205848, 77.5886738",13.0205848,77.5886738
250,Sadashiva Nagar,6.7,"13.0068182, 77.5812849",13.0068182,77.5812849
251,Basapura,14.4,"12.8647805, 77.6509528",12.8647805,77.6509528
252,Dairy Circle,6.9,"12.9423886, 77.5974378",12.9423886,77.5974378
253,4th Block Koramangala,8.9,"12.9314583, 77.6299858",12.9314583,77.6299858
254,Richmond Town,2.4,"12.9633823, 77.6034894",12.9633823,77.6034894
255,2nd Phase JP Nagar,9.2,"12.9147764, 77.5882591",12.9147764,77.5882591
256,Banagiri Nagar,10.0,"12.9266791, 77.5597925",12.9266791,77.5597925
257,Kaverappa Layout,13.8,"12.933996, 77.6979885",12.933996,77.6979885
258,Mathikere,11.2,"13.0334194, 77.56397609999999",13.0334194,77.56397609999999
259,KUDLU MAIN ROAD,12.1,"12.8899738, 77.6482471",12.8899738,77.6482471
260,Lingarajapuram,6.0,"13.0130399, 77.626179",13.0130399,77.626179
261,Vignana Nagar,9.7,"12.9745385, 77.6805538",12.9745385,77.6805538
262,Jakkur Plantation,16.4,"13.0846557, 77.5977596",13.0846557,77.5977596
263,Sector 1 HSR Layout,10.6,"12.9175337, 77.65045719999999",12.9175337,77.65045719999999
264,Volagerekallahalli,26.9,"12.8892105, 77.7738188",12.8892105,77.7738188
265,Kamakshipalya,12.4,"12.985524, 77.52688309999999",12.985524,77.52688309999999
266,B Narayanapura,10.1,"12.9925237, 77.6808128",12.9925237,77.6808128
267,Ejipura,7.5,"12.9385333, 77.6308174",12.9385333,77.6308174
268,Yemlur,11.9,"12.9446164, 77.6836756",12.9446164,77.6836756
269,Chandra Layout,12.3,"12.9544586, 77.5227546",12.9544586,77.5227546
270,Chennammana Kere,9.7,"12.9278843, 77.5554935",12.9278843,77.5554935
271,Medahalli,14.7,"13.0317051, 77.7160525",13.0317051,77.7160525
272,Gollahalli,18.9,"12.8336587, 77.6664976",12.8336587,77.6664976
273,Peenya,15.5,"13.0285133, 77.5196763",13.0285133,77.5196763
274,Vishwanatha Nagenahalli,12.0,"13.0388385, 77.6040929",13.0388385,77.6040929
275,Kattigenahalli,21.0,"13.1215682, 77.6207127",13.1215682,77.6207127
276,Mahalakshmi Puram,11.4,"13.0145937, 77.55140469999999",13.0145937,77.55140469999999
277,Shikaripalya,19.7,"12.8324998, 77.6552165",12.8324998,77.6552165
278,Vajarahalli,16.8,"12.8724102, 77.5339067",12.8724102,77.5339067
279,MS Pallya,17.0,"13.0826693, 77.54736919999999",13.0826693,77.54736919999999
280,Outer Ring Road East,9.8,"13.0277979, 77.632506",13.0277979,77.632506
281,Sathya Sai Layout,18.0,"12.97332, 77.75236079999999",12.97332,77.75236079999999
282,Akshayanagara East,14.0,"12.8687838, 77.61852859999999",12.8687838,77.61852859999999
283,Cambridge Layout,1.9,"12.9725546, 77.6253315",12.9725546,77.6253315
284,Kodbisanhalli,11.1,"12.9450256, 77.6922635",12.9450256,77.6922635
285,Dollars Colony,11.5,"13.041526, 77.5683899",13.041526,77.5683899
286,Sidedahalli,19.7,"13.065439, 77.4948541",13.065439,77.4948541
287,Seetharampalya,13.1,"12.9855475, 77.7122996",12.9855475,77.7122996
288,Manayata Tech Park,10.4,"13.0448306, 77.62210910000002",13.0448306,77.62210910000002
289,Byadarahalli,21.7,"12.9901917, 77.47943699999999",12.9901917,77.47943699999999
290,Thirumenahalli,16.8,"13.0903553, 77.6278377",13.0903553,77.6278377
291,Ittamadu,11.0,"12.9227364, 77.54525110000002",12.9227364,77.54525110000002
292,Basavanapura,13.6,"13.013146, 77.71301509999999",13.013146,77.71301509999999
293,Kanaka Nagar,12.0,"13.0341748, 77.60635409999999",13.0341748,77.60635409999999
294,Roopena Agrahara,8.6,"12.9106725, 77.62354130000001",12.9106725,77.62354130000001
295,Vasanth nagar,4.3,"12.9896194, 77.5927948",12.9896194,77.5927948
296,Reliaable Tranquil Layout,12.7,"12.8959703, 77.6557601",12.8959703,77.6557601
297,1st Block HRBR Layout,8.5,"13.0200494, 77.6457698",13.0200494,77.6457698
298,Hoysalanagar,10.3,"13.01728, 77.6664976",13.01728,77.6664976
299,Gopalkrishna Nagar,18.6,"12.9927087, 77.75879789999999",12.9927087,77.75879789999999
300,Nallurhalli,16.5,"12.9704803, 77.73291309999999",12.9704803,77.73291309999999
301,Akshaya Vana,14.2,"12.8677707, 77.6120835",12.8677707,77.6120835
302,"Sarjapur Road, ",17.2,"12.910911, 77.6844166",12.910911,77.6844166
303,Hongasandra,10.4,"12.8933622, 77.6258081",12.8933622,77.6258081
304,Huskur,22.4,"12.8581406, 77.7065754",12.8581406,77.7065754
305,Nelamangala,31.5,"13.097301, 77.38563979999999",13.097301,77.38563979999999
306,Dodda Nekkundi Extension,13.8,"12.9710052, 77.7037131",12.9710052,77.7037131
307,Jalahalli West,17.5,"13.0612203, 77.51926569999999",13.0612203,77.51926569999999
308,Shanti Nagar,3.7,"12.9577549, 77.5992505",12.9577549,77.5992505
309,AGS Layout,12.1,"12.9162349, 77.5408042",12.9162349,77.5408042
310,Doddabommasandra,15.8,"13.060454, 77.5620227",13.060454,77.5620227
311,"Hoodi Circle, ",13.5,"12.9923, 77.71622169999999",12.9923,77.71622169999999
312,Austin Town,2.8,"12.9587681, 77.6159946",12.9587681,77.6159946
313,Hessarghatta,34.3,"13.133999, 77.4788014",13.133999,77.4788014
314,Basaveshwara Nagar Yelahanka,18.1,"13.0899872, 77.605638",13.0899872,77.605638
315,Doctors Layout,11.4,"12.8964093, 77.6131577",12.8964093,77.6131577
316,Tejaswini Nagar,15.8,"12.8586027, 77.6067314",12.8586027,77.6067314
317,Doddakammanahalli,17.4,"12.8496672, 77.5999347",12.8496672,77.5999347
318,RMV 2nd Stage,11.4,"13.0422174, 77.5700444",13.0422174,77.5700444
319,Ashwath Nagar,11.4,"13.0200008, 77.57627029999999",13.0200008,77.57627029999999
320,Cholanayakanahalli,10.9,"13.0358453, 77.5970433",13.0358453,77.5970433
321,Singapura Village,17.6,"13.0807297, 77.5363395",13.0807297,77.5363395
322,Defence Colony,4.2,"12.9683922, 77.63428189999999",12.9683922,77.63428189999999
323,3rd Block Hrbr Layout,7.9,"13.0306128, 77.6258869",13.0306128,77.6258869
324,Byrasandra,8.0,"12.9804965, 77.6673131",12.9804965,77.6673131
325,Keshava Nagar,9.6,"13.0220238, 77.6328499",13.0220238,77.6328499
326,Vijaya Bank Layout,11.7,"12.8902208, 77.6092188",12.8902208,77.6092188
327,2nd Block Hrbr Layout,7.3,"13.0232305, 77.6285537",13.0232305,77.6285537
328,Canara Bank Colony,12.1,"12.9653862, 77.52533079999999",12.9653862,77.52533079999999
329,Hennur Gardens,10.0,"13.0359337, 77.64314759999999",13.0359337,77.64314759999999
330,Richards Town,5.6,"13.0063217, 77.614948",13.0063217,77.614948
331,Green View Layout,18.1,"12.9078332, 77.49098959999999",12.9078332,77.49098959999999
332,Ambedkar Colony,18.4,"13.0900342, 77.5920295",13.0900342,77.5920295
333,Bank Of Baroda Colony,11.4,"12.8950388, 77.58450839999999",12.8950388,77.58450839999999
334,Ramakrishnappa Layout,12.4,"13.0445612, 77.57268839999999",13.0445612,77.57268839999999
335,Kundalahalli Colony,13.8,"12.9684517, 77.70943749999999",12.9684517,77.70943749999999
336,Wilson Garden,4.5,"12.9481933, 77.59718649999999",12.9481933,77.59718649999999
337,Byatarayanapura,14.3,"13.0597892, 77.5933367",13.0597892,77.5933367
338,Madiwala,6.8,"12.9226373, 77.6174442",12.9226373,77.6174442
339,HOSUR MAIN ROAD,19.0,"12.8742148, 77.6498994",12.8742148,77.6498994
340,4th T block Jayanagar,8.7,"12.9254199, 77.59184900000001",12.9254199,77.59184900000001
341,Victoria Layout,1.9,"12.9667581, 77.614948",12.9667581,77.614948
342,Maruthi Sevanagar,5.1,"13.0013782, 77.6298047",13.0013782,77.6298047
343,8th block Koramangala,5.4,"12.9307317, 77.6293025",12.9307317,77.6293025
344,Jayanagar,6.9,"12.9308107, 77.58385770000001",12.9308107,77.58385770000001
345,Jeevan bima nagar,6.9,"12.964163, 77.658076",12.964163,77.658076
346,Channasandra Layout,18.3,"12.8990691, 77.52200700000002",12.8990691,77.52200700000002
347,Ashirvad Colony,10.3,"13.0274175, 77.65884609999999",13.0274175,77.65884609999999
348,ITI Layout,10.9,"12.9030203, 77.6407258",12.9030203,77.6407258
349,Anand Nagar,10.1,"13.031328, 77.5913132",13.031328,77.5913132
350,Doddanekundi,11.9,"12.9720888, 77.694364",12.9720888,77.694364
351,Siddapura,15.9,"12.9566734, 77.7339993",12.9566734,77.7339993
352,Dodda Banaswadi,8.5,"13.0159203, 77.65289659999999",13.0159203,77.65289659999999
353,Motappa Layout,12.8,"13.0272653, 77.6904744",13.0272653,77.6904744
354,Devasthanagalu,18.7,"12.9428958, 77.7366242",12.9428958,77.7366242
355,Bagalakunte,18.2,"13.052706, 77.4954875",13.052706,77.4954875
356,Samethanahalli,21.7,"12.9793807, 77.7914694",12.9793807,77.7914694
357,Amblipura,13.2,"12.9162186, 77.66578179999999",12.9162186,77.66578179999999
358,Srinivasa Nagar,9.6,"12.9356162, 77.554777",12.9356162,77.554777
359,Ashwathnagar,9.9,"13.0200008, 77.57627029999999",13.0200008,77.57627029999999
360,Kacharakanahalli,7.1,"13.0156289, 77.6321339",13.0156289,77.6321339
361,Suraksha Nagar,15.2,"12.8594383, 77.614948",12.8594383,77.614948
362,Meenakunte,30.9,"13.1802545, 77.6435896",13.1802545,77.6435896
363,Nagawara Junction,10.0,"13.039875, 77.62431699999999",13.039875,77.62431699999999
364,Abbaiah Reddy Layout,10.1,"12.9793499, 77.6800964",12.9793499,77.6800964
365,Shree Ananth Nagar Layout,21.8,"12.8343409, 77.6958417",12.8343409,77.6958417
366,Byrathi Village,11.5,"13.0528869, 77.6501486",13.0528869,77.6501486
367,Shantiniketan Layout,13.1,"12.8822167, 77.6042056",12.8822167,77.6042056
368,Nayandanahalli,11.7,"12.944752, 77.5255638",12.944752,77.5255638
369, Devarabeesana Halli,14.4,"12.9312787, 77.68558829999999",12.9312787,77.68558829999999
370,Hennur Bande,9.1,"13.0330706, 77.6403412",13.0330706,77.6403412
371,Srirampura,7.5,"12.9948091, 77.5663622",12.9948091,77.5663622
372,Doddanakundi Industrial Area 2,13.4,"12.9776035, 77.708722",12.9776035,77.708722
373,Bhuvaneshwari Nagar,13.4,"13.0545047, 77.6036145",13.0545047,77.6036145
374,New Thippasandra,7.1,"12.9717571, 77.6551929",12.9717571,77.6551929
375,Doddakannelli,16.6,"12.9063171, 77.6985485",12.9063171,77.6985485
376,Maragondanahalli,20.9,"13.0373995, 77.69272099999999",13.0373995,77.69272099999999
377,Varanasi,13.1,"13.0323337, 77.6928736",13.0323337,77.6928736
378,Rajiv Gandhi Nagar,15.9,"13.0686087, 77.57812249999999",13.0686087,77.57812249999999
379,Chelekare,9.0,"13.0254021, 77.6443056",13.0254021,77.6443056
380,Bileshivale,14.0,"13.0543805, 77.6709473",13.0543805,77.6709473
381,Venkatapura,8.6,"12.9199543, 77.6256895",12.9199543,77.6256895
382,Rustam Bagh Layout,7.0,"12.9532354, 77.649675",12.9532354,77.649675
383,Kumara Park,6.2,"12.9925499, 77.5784195",12.9925499,77.5784195
384,Gopalapura,36.2,"12.9790742, 77.56265839999999",12.9790742,77.56265839999999
385,Kadabagere,26.6,"12.9968854, 77.43310269999999",12.9968854,77.43310269999999
386,Maruthi Nagar,6.7,"13.0488712, 77.5741212",13.0488712,77.5741212
387,Vasantha Vallabha Nagar,14.0,"12.8896971, 77.55406049999999",12.8896971,77.55406049999999
388,Basavanagara,10.3,"12.9670863, 77.6808128",12.9670863,77.6808128
389,Avalahalli,9.7,"12.9456895, 77.54402879999999",12.9456895,77.54402879999999
390,Belathur,17.4,"13.0072468, 77.75236079999999",13.0072468,77.75236079999999
391,Sunkadakatte,18.4,"12.9918405, 77.50464749999999",12.9918405,77.50464749999999
392,Hiremath Layout,10.7,"13.0476536, 77.6429642",13.0476536,77.6429642
393,Akshya Nagar,11.9,"13.0216524, 77.6817356",13.0216524,77.6817356
394,1st Stage Indira Nagar,4.3,"12.9828437, 77.63966649999999",12.9828437,77.63966649999999
395,Kada Agrahara,26.5,"12.8620296, 77.7719115",12.8620296,77.7719115
396,Amruthnagar,12.9,"13.0584634, 77.5970433",13.0584634,77.5970433
397,Ramanjaneyanagar,12.3,"12.9113451, 77.5451724",12.9113451,77.5451724
398,Raghuvanahalli,16.2,"12.8778551, 77.54259569999999",12.8778551,77.54259569999999
399,Carmelaram,18.8,"12.9061527, 77.7065754",12.9061527,77.7065754
400,Coconut Grove Layout,10.2,"13.0273665, 77.6557601",13.0273665,77.6557601
401,Shanthala Nagar,2.0,"12.9717208, 77.6006245",12.9717208,77.6006245
402,A Narayanapura,8.1,"12.9933751, 77.67347380000001",12.9933751,77.67347380000001
403,Nagondanahalli,19.0,"12.971241, 77.7678875",12.971241,77.7678875
404,Govindpura,10.0,"13.0094026, 77.6643502",13.0094026,77.6643502
405,"Off Sarjapur Road, ",15.3,"12.9049197, 77.6755",12.9049197,77.6755
406,Doopanahalli,4.2,"12.9671852, 77.6385779",12.9671852,77.6385779
407,9th Block Jayanagar,8.7,"12.9204609, 77.5920295",12.9204609,77.5920295
408,Kallumantapa,9.4,"13.0190912, 77.6600552",13.0190912,77.6600552
409,Jakkasandra Extension,11.6,"12.9264932, 77.6443056",12.9264932,77.6443056
410,Srirampuram,7.5,"12.9948091, 77.5663622",12.9948091,77.5663622
411,7th Block Jayanagar,8.3,"12.9269735, 77.5766264",12.9269735,77.5766264
412,Nagashetty Halli,11.3,"13.0424579, 77.5718291",13.0424579,77.5718291
413,Doddabanahalli,16.9,"13.0264961, 77.7409162",13.0264961,77.7409162
414,Nagaraja Garden,10.7,"12.8997472, 77.58701549999999",12.8997472,77.58701549999999
415,3rd Block Banashankari,10.4,"12.9340143, 77.5480563",12.9340143,77.5480563
416,6th block Koramangala,5.9,"12.9381776, 77.6228252",12.9381776,77.6228252
417,HMT Layout,11.5,"13.0310769, 77.5569265",13.0310769,77.5569265
418,Jakkuru Layout,15.1,"13.0711168, 77.5998704",13.0711168,77.5998704
419,Kurubarahalli,12.4,"13.0023069, 77.5318463",13.0023069,77.5318463
420,Mallathahalli,15.0,"12.9619761, 77.49796529999999",12.9619761,77.49796529999999
421,Chikkadunnasandra,26.7,"12.8631167, 77.7627657",12.8631167,77.7627657
422,Cottonpet,8.6,"12.9670753, 77.56546569999999",12.9670753,77.56546569999999
423,Virat Nagar,9.5,"12.9041471, 77.6199608",12.9041471,77.6199608
424,Pattanagere,14.7,"12.9186837, 77.5110614",12.9186837,77.5110614
425,Munivenkatppa Layout,9.9,"12.9048058, 77.6042056",12.9048058,77.6042056
426,Bellari Road,16.1,"13.0877724, 77.5955703",13.0877724,77.5955703
427,Silk Board,7.8,"12.9165714, 77.6233827",12.9165714,77.6233827
428,New Gurappana Palya,8.1,"12.9202698, 77.6027732",12.9202698,77.6027732
429,Devi Nagar,14.0,"13.0541777, 77.5728749",13.0541777,77.5728749
430,Bagalur,21.3,"13.151285, 77.668837",13.151285,77.668837
431,Hosahalli Extension,9.9,"12.9669722, 77.54008379999999",12.9669722,77.54008379999999
432,KR Garden,6.6,"12.9542499, 77.65611799999999",12.9542499,77.65611799999999
433,Lavelle Road,2.2,"12.971206, 77.5978193",12.971206,77.5978193
434,VGP Layout,12.9,"12.8915978, 77.65289659999999",12.8915978,77.65289659999999
435,Maithri Layout,18.2,"12.9905542, 77.7580827",12.9905542,77.7580827
436,Vishwapriya Nagar,12.0,"12.8812268, 77.6278377",12.8812268,77.6278377
437,Byagadadhenahalli,28.3,"12.7590859, 77.70085089999999",12.7590859,77.70085089999999
438,Kadugondanahalli,7.1,"13.0186175, 77.61863749999999",13.0186175,77.61863749999999
439,RMV Extension,12.1,"13.0130042, 77.5777031",13.0130042,77.5777031
440,Attur Layout,21.8,"13.1069615, 77.5662992",13.1069615,77.5662992
441,Stage-4 Bommanahalli,11.2,"12.8906312, 77.6178125",12.8906312,77.6178125
442,MCECHS  layout,13.8,"13.0711306, 77.6287327",13.0711306,77.6287327
443,Chinnapanahalli,13.4,"12.9670265, 77.7047758",12.9670265,77.7047758
444,Lavakusha Nagar,21.4,"12.8665094, 77.6593769",12.8665094,77.6593769
445,Tala Cauvery Layout,14.2,"13.0683604, 77.59893090000001",13.0683604,77.59893090000001
446,Laxmi Sagar Layout,12.7,"12.9875545, 77.695126",12.9875545,77.695126
447,Mylasandra,15.2,"12.8538319, 77.62065179999999",12.8538319,77.62065179999999
448,Varsova Layout,8.2,"12.984304, 77.6712096",12.984304,77.6712096
449,Doddagubbi,15.6,"13.0714911, 77.67424900000002",13.0714911,77.67424900000002
450,OLd Gurappanapalya,9.5,"12.9244376, 77.6013407",12.9244376,77.6013407
451,Sector 6 HSR Layout,8.6,"12.9137705, 77.6292697",12.9137705,77.6292697
452,Kuvempu Nagar,8.0,"13.0713039, 77.53946800000001",13.0713039,77.53946800000001
453,Tata Nagar,14.2,"13.0551282, 77.571972",13.0551282,77.571972
454,Thanisandra main road,13.5,"13.0506809, 77.6119271",13.0506809,77.6119271
455,Suddaguntepalya,6.5,"12.9828106, 77.65504419999999",12.9828106,77.65504419999999
456,RWF West Colony,20.0,"13.1036191, 77.5805685",13.1036191,77.5805685
457,Geddalahalli,11.6,"13.0548149, 77.6471722",13.0548149,77.6471722
458,Shankarapuram,6.1,"12.9520803, 77.5707288",12.9520803,77.5707288
459,Ngef Layout,14.0,"12.9602096, 77.4938572",12.9602096,77.4938572
460,Ramamurthy Nagar Extension,10.9,"13.0194614, 77.6715603",13.0194614,77.6715603
461,tc.palya,12.2,"13.0190631, 77.7037131",13.0190631,77.7037131
462,NS Palya,9.7,"12.9096748, 77.60686369999999",12.9096748,77.60686369999999
463,Glass Factory Layout,22.5,"12.8296372, 77.70085089999999",12.8296372,77.70085089999999
464,Harsha Layout,17.2,"12.9175755, 77.4881219",12.9175755,77.4881219
465,"Judicial Layout, Kanakapura Road, ",17.7,"12.8630149, 77.5312772",12.8630149,77.5312772
466, Mysore Highway,17.5,"12.6094804, 77.0816847",12.6094804,77.0816847
467,Chikkathoguru,15.1,"12.8593132, 77.6462198",12.8593132,77.6462198
468,Udayapur Village,29.8,"12.8208638, 77.5126741",12.8208638,77.5126741
469,BEL Road,11.5,"13.0516025, 77.5521164",13.0516025,77.5521164
470,Immadihalli,17.8,"12.9650186, 77.7595472",12.9650186,77.7595472
471,Upkar Layout,17.2,"12.9639592, 77.4838202",12.9639592,77.4838202
472,Jnanabharathi Layout,16.4,"12.9470447, 77.4887668",12.9470447,77.4887668
473,Lake City,10.5,"12.8997743, 77.6170964",12.8997743,77.6170964
474,Kodathi,20.3,"12.8904389, 77.7106407",12.8904389,77.7106407
475,Herohalli,20.2,"12.9896594, 77.4895557",12.9896594,77.4895557
476,Manjunath Nagar,8.4,"12.9817986, 77.5574781",12.9817986,77.5574781
477,Brooke Bond First Cross,16.6,"12.9628433, 77.7492058",12.9628433,77.7492058
478,JCR Layout,14.5,"12.9325534, 77.7047865",12.9325534,77.7047865
479,Langford Town,3.3,"12.9569911, 77.6027732",12.9569911,77.6027732
480,Puttanahalli,20.0,"12.8938256, 77.5812849",12.8938256,77.5812849
481,2nd Block Jayanagar,6.0,"12.939819, 77.5834339",12.939819,77.5834339
482,Bikasipura,13.3,"12.8921062, 77.5595617",12.8921062,77.5595617
483,Alfa Garden Layout,13.5,"13.0059145, 77.7214606",13.0059145,77.7214606
484,Lakshmi Layout,12.3,"12.8900706, 77.5913132",12.8900706,77.5913132
485,Udaya Nagar,8.8,"12.9895283, 77.674184",12.9895283,77.674184
486,Kumarapalli,13.2,"12.9541248, 77.7201699",12.9541248,77.7201699
487,Singena Agrahara,23.3,"12.8344795, 77.71373059999999",12.8344795,77.71373059999999
488,AMS Layout,18.9,"13.0876909, 77.5583595",13.0876909,77.5583595
489,Basavanna Nagar,13.9,"12.9866294, 77.7201699",12.9866294,77.7201699
490,Konanakunte Cross,13.9,"12.888909, 77.56277999999999",12.888909,77.56277999999999
491,Kammagondahalli,19.0,"13.0589726, 77.5347129",13.0589726,77.5347129
492,Chennappa Layout,13.0,"12.9619222, 77.7058598",12.9619222,77.7058598
493,Gowdanapalya,12.2,"12.9097037, 77.5566841",12.9097037,77.5566841
494,Kamala Nagar,12.6,"12.9993221, 77.5285469",12.9993221,77.5285469
495,Kirloskar Layout,19.0,"13.0661475, 77.50066749999999",13.0661475,77.50066749999999
496,Sai Gardens,24.7,"13.0130385, 77.7552218",13.0130385,77.7552218
497,Raja Rajeshwari Nagar 5th Stage,16.4,"12.9085454, 77.5203792",12.9085454,77.5203792
498,4th Phase JP Nagar,10.5,"12.9046014, 77.5944074",12.9046014,77.5944074
499,BSM Extension,36.2,"12.9130405, 77.46732899999999",12.9130405,77.46732899999999
